fpr,tpr
0.0,0.0
0.0,0.9203296703296703
0.0,0.9258241758241759
0.0,0.9313186813186813
0.0,0.9368131868131868
0.0,0.9395604395604396
0.0,0.9505494505494505
0.0,0.9917582417582418
0.0014749262536873156,0.9917582417582418
0.0014749262536873156,0.9945054945054945
0.01032448377581121,0.9945054945054945
0.01032448377581121,0.9972527472527473
0.03687315634218289,0.9972527472527473
0.03687315634218289,1.0
1.0,1.0
