fpr,tpr
0.0,0.0
0.0,0.9251798561151079
0.0,0.9323741007194245
0.0,0.9496402877697842
0.0,0.9525179856115108
0.0,0.9539568345323741
0.0,0.958273381294964
0.0,0.9611510791366906
0.0,0.9640287769784173
0.0,0.9683453237410072
0.0,0.9697841726618706
0.0,0.9726618705035971
0.0,0.9755395683453237
0.0,0.981294964028777
0.0,0.9899280575539569
0.0,0.9928057553956835
0.0,0.9985611510791367
0.0029940119760479044,0.9985611510791367
0.0029940119760479044,1.0
1.0,1.0
